[
  {
    "id": "course-1",
    "title": "Introduction to Python",
    "short": "Learn Python basics",
    "description": "A beginner-friendly Python course.",
    "lessons": [
      "Variables & Types",
      "Control Flow",
      "Functions",
      "Working with Files"
    ]
  },
  {
    "id": "course-2",
    "title": "Web Development Basics",
    "short": "HTML, CSS & JS fundamentals",
    "description": "Build modern web pages.",
    "lessons": [
      "HTML Basics",
      "Styling with CSS",
      "JavaScript Intro",
      "Deploying Sites"
    ]
  },
  {
    "id": "course-3",
    "title": "Data Analysis with Pandas",
    "short": "Import, clean and analyze data",
    "description": "Hands-on data analysis.",
    "lessons": [
      "DataFrames",
      "Indexing & Selection",
      "Grouping & Aggregation",
      "Visualization"
    ]
  }
]